,followers_name
0,tkersey
1,njonsson
2,bangpound
3,vincentkoc
4,Rud5G
5,mlsj1
6,jits
7,syug
8,varungupta
9,esneko
10,neopunisher
11,jazzwang
12,begoon
13,fly51fly
14,fallenpegasus
15,fribeiro1
16,brase
17,chchrist
18,massimoselvi
19,ScottJWalter
20,mikeputnam
21,adeelahmad
22,mindcrime
23,informaticadiaz
24,MarceloNascimento
25,skowronek
26,dsoul
27,dmsbilas
28,thimslugga
29,neo01124
30,leecardona
31,threecups
32,shyuan
33,nara
34,dning1
35,tomtapia
36,openam
37,semsphy
38,DaemonCahill
39,Cambera
40,riyadparvez
41,duanshuaimin
42,nattfodd
43,mitaka
44,ikysil
45,ZhangYunfang
46,temosy
47,threadstonesecure
48,manuelhunziker
49,ambagasdowa
50,daball
51,pedro-lima
52,alexharvey
53,josh-fisher
54,subidit
55,pdevenraj
56,jtmoon79
57,nerandell
58,raghuboosetty
59,crazzyyfool
60,tdmalone
61,34code
62,burib
63,whn09
64,bobbyearl
65,figpope
66,alishir
67,ahlfors
68,bsrz
69,mailmahee
70,mihkels
71,daefresh
72,dofstar
73,codee
74,LisaDelaney
75,Xal3ph
76,jojoismael
77,pmanolak
78,tuannx
79,kistasi
80,tariqwest
81,jonnynut
82,afelicioni
83,firebitsbr
84,glaucodiogo
85,gunkaragoz
86,aldrinbaroi
87,manjunathd
88,afonsoalban
89,aungzanbaw
90,ewnd9
91,rsaa
92,hvn0413
93,duxing2007
94,ste93cry
95,LightPoincare
96,jloiola
97,kylewburress
98,itanoss
99,anujku
100,suburbanworrier
101,thesobercoder
102,bygbyron3
103,rickymaciel
104,KevinGimbel
105,d-shimizu
106,zsp0817
107,konamo
108,bawkingfbi
109,voldyman
110,golf-x
111,alexjennings
112,Spinfusor
113,xiupitter
114,somaditya
115,apjowen
116,usui-tk
117,onenonlycasper
118,dengqixing
119,Davi-He
120,godsoul
121,kumar-nitish
122,toku345
123,snoop0x7b
124,PandaBlessing
125,andyuls
126,juanjoruiz2109
127,mangualero
128,fabianocouto
129,misselvexu
130,haydenthai
131,yannickboog
132,proverbs53
133,Rajivhost
134,cafedood
135,universewrld
136,dpapageo
137,HJiefeng
138,larsfi
139,kkpan11
140,plumcube
141,magigo
142,ahmadfaizalbh
143,flukebox
144,jakebrinkmann
145,simar1998
146,CheeseTurtle
147,AAbasinejad
148,virtuoushub
149,huamichaelchen
150,mumblepins
151,bingosing
152,sszukala
153,b3nkos
154,bretdarby
155,chrisgoulet
156,srinitude
157,the-watchmaker
158,codinggooner
159,kimpenguin
160,horuszhao
161,aniquetahir
162,RooTinfinite
163,pthbinh92
164,mychen-ustc
165,weisberg
166,ace-coder
167,infinitedreams9586
168,tusharsoni08
169,hoansgithub
170,ritesh-singh
171,schallerala
172,alexxyjiang
173,star-fx
174,amavlyanov
175,garciparedes
176,keshabb
177,denu5
178,mcybulski
179,o-kakade
180,designisaverb
181,s0nlxaftrsh0ck
182,asadhaye
183,darasat
184,mklemann-com
185,nikkidada
186,tiloyi
187,roykalony
188,zhangxiangdong
189,thomasdalbert
190,LavenderDaisy
191,edisona
192,Steven-Acomb
193,kevcooper
194,jodavaho
195,side9show
196,teeksingh
197,kevingrondin
198,JakubKana
199,edybrother
200,koyashiro
201,devikirang
202,unlitdev
203,well1791
204,mleziva
205,ajian005
206,ykaidashov
207,ankur-gupta
208,Malacarne
209,anand-b
210,stdexception
211,lackary
212,MatterhornProject
213,tolgabuyuktanir
214,zhenyuanzhou
215,cash2059
216,rajabalaji-mp
217,anobil
218,radiochickenwax
219,THenryT
220,vedamj01
221,cocavo
222,jafferlin
223,yixiuhua
224,rodazuero
225,JustCallMe-AK
226,henriquerick
227,gitpopcode
228,JoeyCai
229,Wyvernslay3r
230,gabrlyg
231,paulosiciliano
232,martinvaldivia
233,rdczhby
234,mys328
235,billykwok
236,andrey-berenda
237,sinhang
238,Pal3love
239,Lakshmiaddepalli
240,mohamed-abdelsattar92
241,rawer886
242,junhong202
243,iamlos
244,thanhcsf
245,junaid109
246,arpitgo4
247,roykhoury
248,bafeiyu
249,Ylmzef
250,pdigennaro
251,everXu
252,anlexN
253,Janujan
254,fwblcz
255,elaineleung
256,djinl520
257,protyay
258,selfishprimate
259,Mwalthery
260,GregAllenSmith
261,zgover
262,avestura
263,aspindle
264,pqrsooo
265,evanshrestha
266,bos-hieu
267,hanautoparts4u
268,sonimonish00
269,ljesparis
270,imvikramn
271,massivelivefun
272,garrettrh
273,adanone
274,ghishadow
275,shower1986
276,mseld
277,JasonYe88
278,seshurajup
279,xiaopizi19
280,pelamlio
281,Asavarkhul
282,ajay340
283,sdulaney
284,custadian
285,KlwntSingh
286,FelixFeliciant
287,learnerzhang
288,gamedebug
289,jonathanarodr
290,baboooin
291,sadou-bah
292,ZhengChaoqun
293,osama-ahmed
294,nir-zilberman
295,changyongyong
296,bigDP
297,WajahatSiddiqui
298,markjohnlucas
299,Vaibhav
300,manavchoudhary
301,mrcharlierace
302,nikolaospapachristou
303,CallmeTorre
304,jcarlos001
305,vslala
306,peterjlay
307,Ngel-Castro
308,rilek
309,dawei-wang
310,GeoSkiis
311,DominikHorn
312,bptorao
313,JeffUssing
314,edstgo
315,yxblee
316,barisates
317,ankkrish
318,pratickRoy
319,pereirakadu
320,justinsamuel92
321,lvictorerod
322,ryanulep
323,dotsnangles
324,olegkramko
325,609151318
326,RyanAugust
327,dbarrington
328,knhnd
329,akari0624
330,noid11
331,ioing
332,AruulmozhivarmanS
333,Tusharjagi
334,ivaylo-yordanov
335,rramirez0203
336,emullaraj
337,theranajayant
338,jkjavier
339,mcguegi
340,nbhirud
341,fischerleon
342,UmutSERIFLER
343,zhu0823
344,Joe192168
345,SanHacks
346,LindaHaviv
347,ball582
348,dmitrykrisko
349,qmajid
350,we1l1n
351,jhhe66
352,Almarch
353,thangnm93
354,NikhilRyan
355,dongzhuoyao
356,chenzilu1990
357,alexandregressier
358,jason1004
359,xuelangqingkong
360,godobyte
361,chanffdavid
362,anomaly-88
363,pianwan
364,undabah
365,aymenbelarbi
366,ashish936
367,giotramu
368,0xlkda
369,guilhermebc
370,SMBgurus
371,brentclay
372,mate-h
373,artur-sak13
374,yorshreynoso
375,yehuizhang
376,rubenca01
377,AAdewunmi
378,balao7
379,flaviopavim
380,Zenidog8
381,aiwongs
382,devcang
383,kalsyanpradeep
384,charaton
385,jadanah
386,vonzou
387,jaymahfudy
388,maxsxu
389,lavanquan
390,keita-hino
391,KyuDounSim
392,depers
393,Anirudh257
394,jmartins-sh
395,satyarajreddy
396,Prithvish04
397,AnsonHwang86
398,xzm2004260
399,anirudhbagri
400,STCYC
401,rsmelo92
402,Cybercommanders
403,StrangerCoug
404,keren123
405,paraskevasleivadaros
406,Grimgog
407,noodanee
408,nibinjoseph
409,alobe
410,zhuzixian520
411,JadeCong
412,VitorSouza7512
413,ProfessionalBoatDrifter
414,dancause
415,ltlwill
416,potatopotaro
417,graceko22
418,paletode
419,Timotej979
420,erenaslandev
421,BarathEswerN
422,victordrulis
423,serhiiklenachov
424,camerondurham
425,khanhhuy288
426,gstair
427,wwfyde
428,hotsticker
429,ningfc
430,RishabhKr97
431,jmcfayaz
432,jiangoz
433,ardasatata
434,Murplugg
435,tanvirstreame
436,ngocphuc1612
437,kworkbee
438,arnab-ray
439,yuriykuntsyak
440,bahadirsahin
441,SMSesay
442,jamestiotio
443,anuj97
444,yaelBrown
445,motmaytinh
446,desaidn
447,NoxGamingQC
448,aravinthakannan
449,gsrathoreniks
450,lingjiekong
451,diohsb
452,janviyao
453,hijiki51
454,pradeepkni382
455,rdnasim
456,shrinidhibarthur
457,StrangeKnowledgeIncresed
458,canering
459,Austin47
460,shokriw
461,franklin-monreal
462,immangat
463,xxh031203
464,cstarshine
465,dororoholic
466,chipro
467,lossfunc
468,loumalouomega
469,james-sungjae-lee
470,SamGreenwood1
471,garyhtou
472,d3v2null
473,msweetland
474,ddoron
475,wrslatz
476,fsalhabib
477,jrjm1111
478,mitutitu16
479,ShuhaoZQGG
480,akashsathyan
481,sushant-joshi
482,chrisskhoury
483,djvelimir
484,jeremychauvet
485,alxporto
486,riturajDas
487,Logicus03
488,chinchillajared
489,isabelchaves
490,morrisel
491,weegier
492,shikharsaxena98
493,flukelaster
494,rjuer
495,mussieh
496,pawa2007
497,liyonglu123
498,lintsai
499,6thpath
500,CodeWithNJ
501,rockychang7
502,hanwgyu
503,wudangqibujie
504,DihanDai
505,drewfrost
506,chris-c-thomas
507,bixo-d
508,MUmarJaved
509,contimatteo
510,amaankulshreshtha
511,hiromesh
512,surajsahani
513,hackenbacker
514,petronem
515,my1795
516,Pzoom522
517,ilivinus
518,SpeicherA
519,nityansuman
520,akbarboghani
521,cydonialis
522,renyang1
523,wangtiechuan
524,lynmison
525,linshan-ma
526,EngineerMichael
527,anaghkanungo7
528,RickyC0626
529,WladFrazao
530,Ming0217
531,caesar-one
532,rayxwu
533,xuepengwei
534,Ishanna
535,pavankalyan-nvs
536,JoeRMiller
537,luwen193
538,devStarscream
539,nkn6294live
540,FanJups
541,ShwetaShivangi
542,amwi04
543,mnk400
544,pd14196
545,samirdjelal
546,tychodev321
547,TheFJS14
548,Baleryom
549,caitinc
550,jtbiron
551,almokhtarbr
552,andreacip
553,duranbe
554,thapaashis110
555,soccernut
556,mdobro1
557,royswale
558,saneknight
559,AnhTrieu
560,janmarkuslanger
561,morinyan
562,gujiacun
563,adileone
564,BIGChask
565,mapjx
566,fuhaoma
567,DXLZ
568,nuffQuantumSayd
569,nfedtech
570,kekemao00
571,lamsd
572,renanmagagnin
573,anuq
574,igorasantos
575,metaphor0
576,iashutoshtiwari
577,yaravi
578,skippermin
579,masakiasami
580,gurtejrehal
581,huannvttd98
582,thatbeautifuldream
583,teetajp
584,happyqq
585,PranayKotian
586,wuchunfu
587,venkate5hgunda
588,NousheenAnwar
589,whuhxb
590,ks1990cn
591,ronnielutaro
592,samutich
593,jongan69
594,nmoisess
595,kayericson
596,tjolr
597,rishikavikondala
598,lodhik9
599,cultivate5253
600,elafifi
601,akazyti
602,boomer2752
603,Luccasoli
604,benmassaoud
605,abheesht17
606,ShrivatsAgrawal
607,farhan-2202
608,HebaElGalad
609,himanshututeja1998
610,sevenhqj
611,AsadAmir111
612,cwher
613,Pei1133
614,proKress
615,SamuelMaculuve
616,pasenchenko
617,jinjidong
618,eemailme
619,amitvish
620,Nikronic
621,Razdeep
622,jkh920184196
623,jimbrig
624,FenTheDev
625,Dxdzy86
626,ThaoNhienNguyen-Erika
627,chunkSpadunk
628,patrick22414
629,diguapao
630,pseshadri9
631,Jiahuan-Pei
632,AdityaSoni17
633,shelthack
634,cherryriotyouth
635,dykderrick
636,johngunerli
637,aijls
638,spacefly
639,Ernesto-zhs
640,akashmdkml
641,Menotron
642,smustafa75
643,nanaboat1
644,eshack94
645,S-Swaroop
646,HellCat1024
647,Karim-53
648,EthanC-8
649,nitinnbisht
650,ericpark123
651,Matheus-ESW
652,allenduchaoyuan
653,Yulv-git
654,hexolan
655,moqsien
656,MilleniumSpark
657,sagsango
658,Programador89
659,robertgro
660,JasonMoon95
661,snkd
662,limeng92
663,ronald-balutiu
664,nowphp2018
665,raashidanwar
666,jackpan123
667,bshreddy
668,TsukasaSeto
669,almiracioly
670,PallaviVarandani
671,alvinlal
672,Rookl
673,awabasher
674,Katsukiniwa
675,huuquyet
676,PMcTwist
677,hqng
678,MahaboobDanish
679,rkv0id
680,MadeInLondon
681,SimonVonXCVII
682,sigsant
683,celikgo
684,shiva0612
685,rroohit
686,jk4freedom
687,kyamashiro
688,LasVegasBilly
689,Turbocaspal
690,davnunes
691,afondiel
692,johnnyrtrentin
693,stnorbi
694,stacyrymer86
695,zero-null
696,jcusick93
697,jh9875
698,odzalasapp
699,eduardoteles17
700,GITWHB
701,DevinByteX
702,ricardosuman
703,mencarellic
704,m0nkeyDev
705,GitbitGit
706,rabbithophop
707,willisstu13
708,ftf1218
709,hirawatt
710,adilet-saken
711,marcomamprin
712,Thejuskbenny
713,TomasDavidYe
714,nanaxumu
715,adyilam
716,GabrielFerrante
717,13995595007
718,tinahuang222
719,edgaramirbekian
720,Bhavuk-Garg
721,liwenye123
722,Mzon2857
723,thiagomares
724,skleee
725,mjsheikh
726,anishamalde
727,easy147
728,TeddyCom1
729,prabhumns
730,VSXV
731,HyunjunA
732,harishravi121
733,Habib16051
734,iamharvey
735,rahul-zomato
736,ricardopra
737,avanishvyas
738,inframarauder
739,pacifiocean
740,YjqZhouxiao
741,adhamsalama
742,LuoTailong
743,AtaraxiaZ
744,hyanzhang
745,cooperjaXC
746,sovansambath-phann
747,rkej
748,maxpatiiuk
749,jinshuye
750,ibn-khafagah
751,kartikeytewari
752,md-arfin-cse
753,humberto-rodrigz
754,johncruyff14
755,johan-lab
756,ambanerjee
757,bzamith
758,deviknitkkr
759,MarkBirdRock
760,Abirul
761,ranefattesingh
762,CarlosIbCu
763,nesakobi
764,Valairan
765,SnehanjanChatterjee
766,rafaelgustavofurlan
767,yungwarlock
768,hunghg255
769,matoszz
770,andrewdge
771,RobertConde
772,rksamu
773,LiviaKarolayne
774,hartl3y94
775,ramitkataria
776,saarthdeshpande
777,hxinn
778,leechenze
779,Dexterzprotege
780,berilcankutlu
781,alan713
782,sandrawilczynski
783,ManojTGN
784,sejin-P
785,Debarshi95
786,gauharayub
787,gxtsk
788,middas-0706
789,seanwynwins
790,WendyYanto
791,sangamesh-kodge
792,horizonNEvent
793,claudsonbarros
794,yotamnahum
795,huiminlim
796,tjykvuo
797,sumukhteja
798,tung1707
799,JankinTian
800,Pcharlot13
801,djmcclary
802,theroyakash
803,sadoreko
804,billsenxu
805,MarcoSantonastasi
806,joanB0ix
807,PureIllusionCo
808,grg124
809,AlixANNERAUD
810,cheungfujai
811,amadsalmon
812,infinitepower18
813,ashr4f1arr2ad
814,zerodevid
815,youyuandx
816,YaseenHQ
817,shayanekat
818,fellipematos
819,Disciple0fMarx
820,VE5ETA
821,KlinKlinKlin
822,ishu-thakur
823,devendarsai
824,iRyanKGT
825,brijeshbhalodiya
826,zaaakher
827,XRLZX8
828,soumyadbanik
829,zhnzhang
830,yhf98
831,xjhofernandes
832,gauravagrwal
833,torys877
834,juanca-jimi
835,mapy1874
836,JohnDNC
837,zeelsheladiya
838,ImKunYoung
839,EduardHov
840,kamelbendi
841,mitchell-cheng
842,Soumil-Bhattacharya
843,mahmoud-elghonemy
844,johnmccants002
845,samedsemihs
846,jupdec
847,moramadan98
848,aymandarwish
849,mayankvadariya
850,porum
851,HongLouyemeng
852,maniac1122
853,Sambit650
854,haja-fgabriel
855,kohring
856,okonri
857,paulohenz
858,leopoldoH
859,cnhuz
860,liltommy1dev
861,hansdaapurba
862,Wwillers
863,owini
864,amirmojarad
865,RichardZj
866,Spiritbocs
867,MarcoSteinke
868,yanquanfahei
869,acox216
870,smy1999
871,switcombe
872,wesleybertipaglia
873,anujchoudhary-17
874,mazrean
875,XrosLiang
876,994Simone
877,matheussooares
878,Mystic-77
879,bruno-aires
880,Jirigesi
881,PerfectYellow
882,ken-1200
883,imokhtar
884,GvHarish9894
885,ArthurAnastopulos
886,w3dg
887,guilefoylegaurav
888,denmj
889,burakaktna
890,frankxzAmazon
891,Kevinoob-design
892,ericwidjaja
893,mirfanaslam
894,danieloliveira01
895,xiaozhiob
896,u-yas
897,smelouah
898,icqmula
899,ndagan
900,dmascheck
901,Abhirajnow
902,sanjuchandra
903,sadiqshaik123
904,cccaimingjian
905,anurag01a
906,masrafi115
907,Nosckid
908,Liebmann5
909,sm-heard
910,Abhijrathod
911,leonardoknakagawa
912,agastaldellomaccomit
913,steffiypx
914,AdnanAaddi
915,MaxDeveloper16
916,hchen19
917,leonardofhy
918,tenpa007
919,gtrman97
920,clay-curry
921,MuffinAmor
922,amiranbari
923,Natur3-Boy
924,alufena
925,TheShiningVampire
926,rushilenekar20
927,soma2000-lang
928,jin-sungdae
929,quantdevv
930,Anass-23
931,Ayush-Pujari-07
932,songziqwq
933,goillotc
934,prajapati-rasik
935,2019-GitHub-Chu
936,Tarsisnbs
937,qaws7791
938,dylenchang
939,jamesatomc
940,chinkin707
941,azwpayne
942,jflad17
943,fabianozonta
944,frankporco
945,surajongithub1986
946,victorvaladez1
947,adithya1010
948,sametcn99
949,Hung-00
950,Aditya-Khemka
951,tamilvanan-b
952,chanwoo00106
953,FrankQixiangGao
954,WonJoongLee
955,alikemalozgumus
956,Codesmaster-lab
957,gwd666
958,dhanrajswami
959,Supriyo8799
960,Maher-RJ
961,Dajun-2019
962,bocaletto-luca
963,0xa3k5
964,LuanGomes12
965,renatompf
966,stevenrsewell
967,Symon629
968,martintaylor1635
969,HaimHalfon
970,kranti2201
971,prad-j
972,jaquespavan
973,nholuongut
974,huiyouyou
975,shevateng0
976,vignesh5535
977,huai-jie
978,bipin0x01
979,chrichri17
980,GessioMori
981,TylerMamrot
982,danmslamt
983,Pecorari
984,1MuhammadFarhanAslam
985,br8km
986,najmehn00
987,Uplift-0508
988,samtimur
989,ajmalbinnizam
990,TatsuyaNakagoshi
991,jigordev
992,Anthippi
993,NonymousMorlock
994,EfeAcar6431
995,akinfelami
996,Yongxi-Zhou
997,RushabhShah20
998,kuzeyerkan
999,SilviuLazar
1000,kqiq
1001,NaoyaTatetsu
1002,mijung-in-11st
1003,simonjgr
1004,osman-nazir
1005,Vigneshkumar212
1006,mrwanggang-crazy
1007,BraeSleepn
1008,avadhutjc
1009,MLHaddon
1010,Capital-SetMawHtay
1011,sumairq
1012,jcork4real
1013,samr874
1014,aditya-repos
1015,spencerlepine
1016,calbergs
1017,yusuke-z
1018,Yuri-Mendes
1019,jimmysmits
1020,Drag0nf1y
1021,JohnDoll2023
1022,Saipraneeth99
1023,sheikhsspear
1024,santoshlite
1025,Daydream0929
1026,FernandoBatoni
1027,K0201N
1028,leejoonhun
1029,mmhamdy
1030,lorenonzi
1031,baisedongtian
1032,arqam365
1033,hiyyg
1034,zustems
1035,VitorAkira-me
1036,Jesus-Retr0
1037,Sujith-sunny
1038,solfonte
1039,PrideStudio
1040,DevOps920719
1041,Matt-Bulk
1042,opsingh861
1043,xiao-cy
1044,meijihatakeyama
1045,galichy79
1046,thefaheemkhan
1047,Flaiers
1048,HenriqueFurtado-Dev
1049,Derokkk
1050,Shahna-C
1051,chosungmann
1052,grahamwaters
1053,deezeddd
1054,jaymepsantos
1055,mohamedhabibwork
1056,Rayane-Aboud
1057,hueiwhfa
1058,anurag1504t
1059,rudra-code-creator
1060,rajveer43
1061,Kushan2k
1062,Thilak-KN
1063,Tiger15cub
1064,AesisGit
1065,rafaelporfiriobarros
1066,OBud75
1067,DonelAdam
1068,yosefkiros
1069,benzebra
1070,HamdanAr
1071,ralintuscano
1072,huyenNguyen20
1073,rhattox
1074,FurkanEdizkan
1075,reaovyd
1076,jameelkaisar
1077,Tyalor
1078,SegaGLm
1079,celso-na-teixeira
1080,nilesh05apr
1081,EM51641
1082,seanpm2001
1083,thiagomendonca-eu
1084,rainmana
1085,dylanhood
1086,chris0765
1087,John-Pinto
1088,pixeljammed
1089,Pquar
1090,oss-mad
1091,TrNgTien
1092,Mindula-Dilthushan
1093,shuklarituparn
1094,AHANCIT
1095,sebaminaya0
1096,Julieta7312
1097,d-t-n
1098,vinoth-techie
1099,johnzhang3410
1100,rbuchmann77
1101,hashwanthgogineni
1102,Ygor-J
1103,Rameshraj55
1104,SeifEldinMohamed
1105,SteCC
1106,daniel-dqsdatalabs
1107,Alev007
1108,kayo09
1109,tarun-lathiya
1110,mazikai002
1111,rcosta-git
1112,JoseRicardoPE
1113,PhumyJS
1114,yuyingjun0922
1115,shakhzodtojiev
1116,ShabbirHasan1
1117,klkuoguru
1118,vimal-mounish
1119,sumedhdev
1120,ggopal13
1121,angeloS-98
1122,yagikota
1123,DougRog
1124,ipez98
1125,muazimmaqbool
1126,litingyes
1127,buddy1276
1128,rdbender
1129,KaliBlip
1130,balajiCubie
1131,uivid64
1132,deevanshu-k
1133,linquint
1134,pjiang15
1135,jeanhackpy
1136,PhaedrusFlow
1137,nguyen-duy-tan
1138,Tpeach9474
1139,KennyOliver
1140,ronnieangeles
1141,drnomader
1142,Lucas-sudo-dev
1143,mahmud0v
1144,carnate-tech
1145,isabella232
1146,AldairAvelino
1147,mertkilix
1148,jordanaaccrombessy277
1149,theopaul-amazon
1150,Ghost1386
1151,asmnajmussakibkhan
1152,IgorNatann
1153,BashtianDev
1154,harshitclub
1155,ketanxos
1156,Rahul-Biswal-new
1157,istellaliu
1158,QuantumBoy1010
1159,polygonnedpotato
1160,MadushanNimantha
1161,Choikyudong
1162,Harshi-itaSinha
1163,anthowest
1164,emiltervo
1165,gustavoturin
1166,mohd-salem
1167,Infisrael
1168,bjin0822
1169,MateSousa
1170,marcelozepeunam
1171,DeversGigan
1172,canyoldas0
1173,erfuun
1174,madcitymultimedia
1175,arunavabasucom
1176,JonathanCristovao
1177,phase-sys
1178,ugke
1179,Gustavo-Murdiga88
1180,uk-2
1181,Jiyu-Kim
1182,Marsjohn-11
1183,aadarsh-af
1184,karthikmurakonda
1185,fantastic0206
1186,littlelionly
1187,thunder-007
1188,Rahulengineer-spec
1189,ibarraz5
1190,vidda5
1191,AndreiMariciuc
1192,tatvil
1193,michelececcacci
1194,nabeelnoor
1195,sherlcok314159
1196,mist1024
1197,elerner42
1198,leakedmemory
1199,vedantraval2310
1200,juliana-silva-hub
1201,efJerryYang
1202,mrrushikeshdaund
1203,sudongyuer
1204,yusuketozaki
1205,LlandspitRunzingf
1206,jianan1104
1207,Westsi
1208,AnmolVerma404
1209,JoseLopezSolis
1210,Ashish0898
1211,muratali016
1212,Severus25
1213,ozancck
1214,farinaceos
1215,zamoosh
1216,KISHORE-KUMAR-S
1217,aravhawk
1218,anadeem2
1219,TomasTan1988
1220,VincentIhab
1221,Vaema
1222,natdosan
1223,ManojJ07
1224,AKrekhovetskyi
1225,strymon94
1226,Roshan-Metrix
1227,VictorSordi
1228,cx63cc
1229,riadelimemmedov
1230,ForBai
1231,David7ce
1232,EduardoCorazon
1233,aoshenx
1234,DamonAustin
1235,b1shtream
1236,sozelfist
1237,itsRealEllis
1238,weiliw-amz
1239,llllllilllilliii
1240,ooooo333i
1241,VenuGarlapati26
1242,samliu90
1243,gerald924
1244,FukazawaKazushi
1245,TheTrueKen
1246,arsal28
1247,TakahirosGithub
1248,freelancer79
1249,StephenOravec
1250,sccvn
1251,yaroslav-honchar
1252,sbdeveloper90
1253,BilgeBalga
1254,loupprodi
1255,shirushi-dev
1256,Samruddhi362
1257,lettymoon
1258,clearljn
1259,Kenth06
1260,karishma502
1261,jiaweicai92
1262,Mairobinsky
1263,pritamkpratihari
1264,HenryDV
1265,lechiluan
1266,uDanielBispo
1267,rumaan-bot
1268,bhavikg-dev
1269,federicoreppucci-deliveroo
1270,buiquangthanhcode
1271,Jibe7
1272,MJ-Tech-H
1273,KendallDoesCoding
1274,Shrey-Srivastava21
1275,niravpi
1276,Itisjigar
1277,piyusagr
1278,junzmint
1279,enricoasc
1280,rakshit782
1281,PoojithaIrosha
1282,adnene-guessoum
1283,Yajie-Zhang
1284,huseyingirgin-eva
1285,script-lab
1286,Ictland
1287,ccampa896
1288,Nandita-SB123
1289,protechq88
1290,poojasundar15
1291,me-deshpande
1292,gaallmin
1293,Ahmedhamza1232001
1294,quirksalot
1295,nurullah-arican
1296,imRHB
1297,ariyandevanand
1298,ishika1501
1299,mdzaberalhamid
1300,MuziZwane
1301,ahamedrujhan
1302,batz-gg
1303,jmoore78
1304,saitejar110507
1305,ekaterina4952
1306,KalvenDebig
1307,kumartul
1308,eaxoy
1309,charan11sv
1310,YoliswaD
1311,frankpengau
1312,wanjanhasan
1313,nalinverma03
1314,Phillipe-Hugo
1315,gthmk
1316,Hoanganhvu123
1317,ndnan
1318,MarshallOkafor
1319,NickMezacapa
1320,fedebayer
1321,xwillxu
1322,danielaiyuan
1323,tkm9602
1324,NavratanPatel
1325,Paarasjoshi
1326,RajeevRanjan27
1327,Tahsin411934
1328,Samruddhiiii
1329,fvarghese99
1330,rediahmds
1331,nishantb06
1332,Louuuaiii
1333,Akash-Adhya
1334,lipehfama
1335,marcusPrado02
1336,Arshu200
1337,josephmartinmoran
1338,AndreCoutinhom
1339,natamartins
1340,techlobster
1341,elcnu986
1342,orbin123
1343,sssamm29
1344,NChub
1345,techprogo
1346,gugs881
1347,mgaspirc
1348,SarfarajRahmn
1349,Aniketchaudhary16
1350,JeromeXapix
1351,ClaudiaA18
1352,stoicsapien1
1353,feyzamiynat
1354,ElizabethJoseph25
1355,omidfarrokhi
1356,dfordp
1357,Manbendra2014
1358,Saleheddin
1359,qMikeehxz
1360,heshara2000
1361,Saba42V
1362,ajjo-odoo
1363,Shahid6289
1364,henry-vipnet360
1365,kishanK111
1366,thrashghost
1367,prejin2310
1368,alismask
1369,rodrigommar
1370,Sudhanva-Nadiger
1371,FelipeBNascimento
1372,ethangtkt
1373,mb4m1
1374,TeyKra
1375,Lucas1114
1376,puppsupr
1377,neox-d
1378,naji0329
1379,SuperSmile0109
1380,Giasinit
1381,apella1
1382,0laday0
1383,pannacottaaaa
1384,mars-aria
1385,RichardMulambuzi
1386,pransoft7
1387,RYANFRANKLIN237
1388,shfjdgadg
1389,Thund3rHawk
1390,LaughingJackalope
1391,arsg0etia
1392,ygill-bsci
1393,isaacbrendel
1394,Avidlearner001
1395,zagui-master
1396,Ganesh972
1397,marupon3910
1398,Fuko-Ibuki
1399,supbrice
1400,black-mold
1401,BrunoGr0883
1402,tomgangwang
1403,emmyoh
1404,alxnjalex
1405,molochnyh
1406,leonardonakagawa
1407,chkp-bryans
1408,hgnzheng
1409,itsagurin
1410,sghost13
1411,SpikyWU7
1412,Raphaeldaysc
1413,devsantiag
1414,shashank-mishra14
1415,missAnneThorpe
1416,KhaleelMuhd1998
1417,KoolSoul
1418,Naveen2334
1419,IAMPARSI
1420,LeonMS123
1421,HarshitC-27
1422,nosh09
1423,Angie-Zhang
1424,skycomestatus
1425,Vladdstian
1426,satayuji
1427,HJPandey
1428,ryanherd
1429,AmineLemsih
1430,Nurlis03
1431,gremsyQuanLe
1432,LKChigumadzi
1433,koray-aydin
1434,jlggnss
1435,lchen104
1436,RahulDubey391
1437,SnKToR
1438,Rupesh510
1439,vatsal-30
1440,akshit2257
1441,pppppyamaP
1442,Trik01
1443,shezaadahmed
1444,zahidhussain998
1445,hemsridh
1446,Vijay3725
1447,DDDavey
1448,adoussal
1449,iopebiel
1450,lowep
1451,yolo102938
1452,FlawlessCasual17
1453,dhineshprabakaran
1454,qdclub
1455,asimpson0000
1456,dmytrochumakov
1457,thatme12
1458,Nico-Gabriel
1459,JaRLenZhang
1460,The-code-is-secret
1461,jeremyw-dobeu
1462,christine-sandbox
1463,Comosaycomosah
1464,maxrathmann
1465,AaronSMathew
1466,FIDEL7Z
1467,rohit250799
1468,MirboboyevJasurjan
1469,MasterYiFree
1470,General-MP
1471,lucasaraujodev
1472,vishaal3301
1473,aka5050
1474,truemanstock
1475,tori-ham
1476,Valadares24
1477,wanshiyule
1478,boscotba
1479,jasonthedataguy
1480,AContesini
1481,julianomolinari
1482,Ponthezs
1483,xMxrgan
1484,mottamatheus835
1485,akhmadmamirov
1486,ParagDD
1487,bourbakiN97
1488,Myceliose
1489,mil2tech
1490,menawi
1491,007nishan
1492,ad0niram
1493,chrisgomad
1494,looooooooy
1495,ayitharevanth
1496,Opakoficiel
1497,Ashishh0007
1498,seespike
1499,ropdias
1500,penguinpottery
1501,crr-bbai
1502,ComprehensiveAmoeba
1503,RohithTurlapati
1504,andedavd
1505,WLHQ
1506,manuelortizus
1507,aibolu
1508,MaxBryne
1509,Frisek
1510,shanenichols-channeladvisor
1511,mircoisendu
1512,soriqoo
1513,doy209
1514,ThecoderPinar
1515,romans1234
1516,silviana-hs
1517,Oustra
1518,risingcurve
1519,omerkawaii
1520,ViniciusSilva97
1521,rigvedp97
1522,sahanediriweera
1523,Raghavendra-Yadav
1524,jcf170030
1525,vladelets-vselennoy
1526,ThomasCode92
1527,paulaPSOx
1528,Pranav-raja
1529,rsenthur
1530,xmartinsbr
1531,DhrubajyotiBiswasfounderofDribll
1532,alpharomercoma
1533,JulienCamp
1534,ryan-w-roche
1535,montyma-amazon
1536,BryantVencil
1537,RustyTake-Off
1538,Vasco-Arts
1539,YgorAlcantara
1540,akshaygp18
1541,AgentofPhoenix
1542,JapnoorHere
1543,Zaka123456
1544,Pulimi1991
1545,KrithikPatil
1546,modabossymaxk
1547,gurawliprakhar
1548,MaizeShark
1549,xingole
1550,Isu-Patel
1551,Janxxxx
1552,chukstochi
1553,srdegbe
1554,chuzairnisar425
1555,IzaacCoding36
1556,Emzie2212
1557,chacin04
1558,pushkarcode
1559,bbazwalt
1560,zhaoyumin2022
1561,Calum09
1562,anbinh93
1563,tnrjr
1564,Itzkuldeep444
1565,rafaelgandis
1566,iamchiranjeebpanda01
1567,dmkjfs
1568,wsa0227
1569,gsoni1
1570,aniruddhawathare
1571,Qianru69
1572,kiranj26
1573,samiamorshed
1574,mrlizhaozhi
1575,soorajaryan007
1576,IKashCode
1577,Anmol5519
1578,krishnaghugare
1579,fernandobraz88
1580,bhargavbijjam
1581,Lucasqrz1
1582,sachin21t
1583,RomDev7
1584,doski22
1585,allaboutevemirolive
1586,hongbo-wei
1587,mdhumairraza
1588,Laindrion
1589,kdelcampo13
1590,Hoppeful
1591,vaddikeshavareddy
1592,MahdiCodee
1593,DonzerHD
1594,darenj456
1595,codernoahx
1596,shubmanh
1597,kybex11
1598,VasanthamHimaanshu
1599,luizvulpi
1600,SvipWangyh
1601,innocentc
1602,gtamaral
1603,1jana0
1604,beyzaaydogan01
1605,ardattoprak
1606,Armkas
1607,weeeam
1608,mgtian03
1609,Vincent-Y5
1610,GuilhermeeCustodio
1611,rajwadejii
1612,carlosgomezi
1613,fevziismailsahin
1614,Prateek-Wayne
1615,kanaksad
1616,1allan2
1617,RaviYadav02
1618,DadMouth82
1619,jvitorlk
1620,Su-Tcode
1621,gitteedara
1622,iam-back
1623,Ananya2311
1624,MaxwellNi
1625,eloidieme
1626,winfredbo
1627,DeclanGH
1628,xcrar
1629,Sheepdog2022
1630,sametyilmaztemel
1631,Salvapazzo86
1632,Mohamed988o
1633,jessepeq23
1634,htiennv
1635,Shashank1407
1636,AngelCen14
1637,rsmaayon
1638,jouaraujo
1639,ali-fraz
1640,Mahfuz-00
1641,AleCM8821
1642,sbaws
1643,rany01
1644,Anis-Web
1645,Ig0rFA
1646,Som-III
1647,mparameshkumar
1648,KiraAndRemypie
1649,wshanleee
1650,ansh2903
1651,konpap-chan
1652,LuizGup
1653,JMauro10
1654,sudoblanc
1655,Arun-gox
1656,DominikWunderlich
1657,amitsingh2022
1658,misaelsp
1659,developer1618
1660,JaafarLezzaik
1661,AliHossam98
1662,HaiNaBaiDa
1663,0xshii
1664,Renpeng01
1665,shanechioa
1666,LekshmiPrakashhh
1667,pchalise7
1668,Eleutber
1669,Valliebby
1670,camilasoares045
1671,poemww
1672,vasanthbanoth
1673,Sray47
1674,jvitorcsm
1675,Alexdon1988
1676,jinholee-lab
1677,aminbiography
1678,Svetozara3363
1679,alejandro-requena-cervera
1680,MarcelloCordal
1681,github-world192
1682,rajeshkanugu
1683,sivalaxman07
1684,Chetan-Patil-52
1685,oohcopy
1686,raphaelguardiano
1687,choiruddi
1688,Nithin-singiri
1689,adiibnuajat
1690,mahathibodela
1691,krishnagptamcs
1692,yanwei257
1693,sergiojfsunior
1694,Mjawadasad
1695,GiuLOCX
1696,L-Alexandre
1697,Sebastiaanel
1698,saikot-shahriyar
1699,firefitdesgns
1700,eladhon
1701,themrhoffmann
1702,guachonomez
1703,mgrundwuermer
1704,ryanAMZN
1705,Philipabao
1706,Chadkendu
1707,Olaffson
1708,Hamza-H10
1709,Serenitychic
1710,FranPiBe
1711,karthik121222
1712,AbhisekWebDev
1713,timboslice832
1714,braedonbillingsley
1715,gilleswb
1716,Naruto-79
1717,aostar168
1718,tarini3301
1719,shivam-tadas
1720,tinajiang26
1721,marcosdataleal
1722,Rhettliu66
1723,nandarshan
1724,HappyMicky0317
1725,Coradello
1726,Andrei-Boghiu
1727,martinOofay2023
1728,josielabreu
1729,Wuzoobia
1730,VISHALVARUN011002
1731,dkapt
1732,ColdCodedotso
1733,19raulruiz68
1734,zaim03767
1735,Nanigullipalli
1736,imishangrover
1737,Mahdiip323231
1738,wiscdn
1739,ortanaV2
1740,sks972
1741,TheReDNooB
1742,benthvmas
1743,omarhabd
1744,Kayra-Baran
1745,purushoth2603
1746,ywangire
1747,ZenShuHara
1748,lucaxchen
1749,chende1121
1750,fernandoncidade
1751,RamiroBalbo
1752,nbinmostafa
1753,TF-185
1754,mdadnankh
1755,ansh23coder
1756,bon4to
1757,VidhiS07
1758,Bassamejlaoui
1759,AleMartins2023
1760,JCOOPER5646
1761,danylo-miranda
1762,SangaoWe
1763,Maycon-dSilva
1764,viktorhuszag
1765,imanol-2021-12
1766,amansandhu408
1767,satoshin-des
1768,andregustavoaguiar
1769,work-apradana
1770,choimikey
1771,nazidul
1772,yudai-shibuya
1773,datamoro
1774,KAEWPRASITKRAN
1775,don-glover
1776,Maycon-Melo
1777,lanjua5899
1778,Ligia-lab
1779,TheWitchySarz
1780,JStk-Dev
1781,notjustjoshin
1782,niveshatom11
1783,amenihong
1784,MT-Designs
1785,Lmt310104
1786,ShlokVFX
1787,ben9672
1788,YuvalYanay
1789,aristo-alex-develops
1790,Abeldsonndiku
1791,WIN1NG22
1792,GauravDevOps711
1793,KeroDeep
1794,S-PScripts
1795,gitgptmin1973
1796,PatientProblemSolver
1797,jiang3d
1798,the-new-fifty-two
1799,AnaRaquelCarvalho
1800,DavideSchirru17
1801,RajVishal7
1802,ykkalexx
1803,thinkerZz
1804,Toony-mahmoud-saad
1805,joaovgcoelho
1806,V-AI-ML-DL-DS-PL-PYTHON-JAVA-GO-2023-0
1807,tree-shrew
1808,Amisha-verma2907
1809,Rammaurya11
1810,ocupadaparavc
1811,nogueiralf
1812,zactseng
1813,ricberht
1814,ChamelePhantom
1815,abolfazlhajjar
1816,Tariq-Anjum
1817,vedamjamz
1818,adminjd
1819,amandageovanna
1820,collinfung
1821,justzh
1822,Untilme
1823,Mrisuk
1824,Zzzyyy2023
1825,ManishaBathini
1826,Chrishargrove58
1827,Kikikickss
1828,luneto10
1829,538mansi
1830,Chris255202
1831,INGVARtattoodjnWEBdev
1832,PPCXZ
1833,arjun-ghose
1834,cvs0
1835,ZumaGr
1836,worriedape
1837,iwauta049
1838,NikunjWorkDo
1839,rshuba4
1840,sairavi5887
1841,ravigiri91
1842,dminduca
1843,nareshns2004
1844,robin7-mac
1845,Euviniciuscouto
1846,LEO-Bloody-Sweet
1847,Merin-jai
1848,ThokozaniMntambo
1849,vx-vijay
1850,Sofyaolvs
1851,Trupti0705
1852,Valoron
1853,acya-amazon
1854,kidu-s
1855,secuwity
1856,unstatistical
1857,GiorgioAntonelli94
1858,niroshinimurugadas
1859,chrixcrusher
1860,harishravi131
1861,wishspotting
1862,harishravi141
1863,harishravi151
1864,luisdavidpaz
1865,nfrwt
1866,SonoTommy
1867,JhArantes
1868,suncoastcloud
1869,rainzhang05
1870,Nikhildsaroj
1871,Pranavprasadsinghs
1872,augustomangini
1873,CS-Explorer
1874,Maxxum69
1875,miguelkuter
1876,JeromeyDynamics
1877,Pymster
1878,Sethfire2
1879,sfc-gh-cmilton
1880,jessicalvc
1881,Guilhermedev9
1882,SavetoAI
1883,KP543
1884,the3letterscompany
1885,ANVESHBV
1886,emrecirik
1887,tufanbil
1888,iamakachili
1889,Jacqueto
1890,arturogaitatzis
1891,Morkonian9
1892,beverlymallen
1893,NikolaiYYDS
1894,tayfunkilinc
1895,lucasm-paixao
1896,y-hbb
1897,HkDotPY
1898,Bishal-11
1899,yashprogrammers
1900,goeo1066
1901,GitHub7667
1902,RaphaelCaamano
1903,baecentral
1904,ozcan-kara
1905,cstiago
1906,SnorlaxCansado
1907,rahulnuvo
1908,natamartinscodedev
1909,lazyGoliath
1910,abhisekde96
1911,applications-engineering
1912,Artg1023
1913,JeffreyLaederach
1914,arch1024
1915,remotemommy
1916,demba9
1917,Sameerkhansabri
1918,SA-Official
1919,XQH139
1920,Kishore1284
1921,Disnord
1922,AbdullahKhalide
1923,sadiya21162-45
1924,theHeadlessGrapes
1925,3d01
1926,priyanshu052004
1927,RuanGaldino
1928,FlipGeorgios
1929,mohamedahmedch
1930,negoceio
1931,a8m1r
1932,anthonybiondojr
1933,zhuofuAMZ
1934,caimindy
1935,Dereck234
1936,WorananH
1937,CauaFChristoni
1938,sushilkumardev
1939,dcmaia-art
1940,PreciousSingletary
1941,0joseDark
1942,valuezon-team
1943,manojchandra10
1944,rasmimihub
1945,nihanth1234
1946,rsmelonw
1947,vitorinodpadua
1948,DarkCodeStudios
1949,the-vishh
1950,Rumie01
1951,Atnatewoss
1952,nickdengamazon
1953,jaiprakashbhola
1954,fbrunamiranda
1955,iirachet
1956,Jin-hiroo
1957,chuqiang188
1958,Ian2027
1959,J4R3D5
1960,firascoding
1961,sourenroy
1962,MominIshaque
1963,kavin-raja-d
1964,Eprashanth04
1965,kyawtiz
1966,arihitaD
1967,Michael-Kernel
1968,inisw04
1969,SkyeCai0608
1970,GeekAmir
1971,bbg-it
1972,thankful-kitt
1973,Yashvardhan0904
1974,PauloDevelop01
1975,tpna
1976,ShinyaOkayama
1977,NmtDlrCkn
1978,Tuugii0526
1979,AbolfazlPoornaderiyan
1980,Djeanii
1981,harish-zuper
1982,monokkai
1983,bear-dotcom
1984,Robertrabbit0802
1985,godkerbi
1986,AKJUS
1987,Administrator33
1988,DennisEms
1989,jcjiacheng
1990,GalaxaLabs
1991,jpdgz2002
1992,KashmiraNigholkar
1993,tambehimanshu
1994,omarmoashraf
1995,dima853
1996,mohammadmehrani83
1997,Sr-Serda
1998,philquist
1999,EsadCakinPD
2000,K437-max
2001,Jayveer-Singh0017
2002,joaoschs
2003,Yasaswini-Yasaswini
2004,github-audiyang
2005,mikey-sys
2006,Tejas7k
2007,YaShhhhz
2008,Pascal-Felis
2009,HiagoPetry
2010,Hitalo-Uzan
2011,mariipaiva
2012,RaulProgrammer23
2013,crypto820
2014,fbaravalle-arit
2015,BoyFromDelaware
2016,ElSchutzL
2017,Himmu-52
2018,ezatk
2019,jvieira209
2020,20240906book
2021,tomliked
2022,zeroone98
2023,DailyInvestors
2024,455272
2025,kalgiswar
2026,Smit275-z
2027,sapiendummy
2028,Johnny5x5
2029,ahcetse
2030,Sonne40
2031,sriishtyb
2032,ElfarraDev
2033,micwilsoneng
2034,GaneshBorole
2035,anup-aws
2036,3r3m1t3
2037,Aryukt
2038,ikomers-dev
2039,recconect-max
2040,80968133
2041,felixword
2042,favieok
2043,Fritz8887
2044,jeyaganeshan-dev
2045,Len1na
2046,saqib-76340
2047,Larasho6
2048,Sahiscs8
2049,hironb
2050,Boonieboy77
2051,2k24cs1m2414238
2052,akhmhmv
2053,malisohail72
2054,W3nde11
2055,vitoralexx
2056,Destr0rso
2057,Egmarortiz
2058,devinbuchanan
2059,sivaduraiAmz
2060,renatzef
2061,Yezbyte
2062,PatrickCarvalho7
2063,SuicideSquad6969
2064,yzw2024
2065,montana64
2066,lbulhoess
2067,hatimharrati
2068,ShangRuYu
2069,nl-taiga-s
2070,murtinonline
2071,andre-tagliaferro
2072,tiago-santos1993
2073,bkumar-amz
2074,YuriGodoy
2075,sins921
2076,shiv-amazon
2077,sachindxb
2078,dwaz8
2079,DecryptMike
2080,almc1977
2081,SchutzL22
2082,nandhancmd
2083,RedLKB
2084,yassinebelaid05
2085,Sanoj88
2086,gustavo-alves-repo
2087,sasi-spacemarvel10
2088,RonyKVilar
2089,ProgrammerKR
2090,interpassai
2091,Vimtoooo
2092,EWeeksMark18
2093,aws-boeunkim
2094,xAI-gh
2095,brandonvinicius
2096,Arthur-0-hub
2097,akabarki76
2098,yulo-dev
2099,eroweEce
2100,ReyaanMisra2811
2101,atikurrajib
2102,mbelab
2103,yuna8yuna
2104,mrebitteskutchi
2105,WR1982337
